{"lr":1.0000006988346801e-07,"epoch_Time":0,"_timestamp":1.7430391629865127e+09,"_wandb":{"runtime":829},"_runtime":829.678621964,"_step":5941,"loss":2.2339155673980713}