{"_timestamp":1.7427567591479475e+09,"_runtime":9710.841847226,"_step":1767,"loss":2.2934584617614746,"lr":5.0000142342341584e-05,"_wandb":{"runtime":9713},"epoch_Time":0}