{"_runtime":14386.248815865,"_wandb":{"runtime":14390},"_step":519,"loss":0.6888558864593506,"lr":1.0000029752383192e-09,"epoch_Time":0,"_timestamp":1.743009025958199e+09}