{"_step":49,"loss":1.7603453397750854,"lr":5.0493317892932116e-06,"epoch_Time":0,"_timestamp":1.7430340263067164e+09,"_wandb":{"runtime":19},"_runtime":19.4590047}