{"epoch_Time":0,"_timestamp":1.7430339028671e+09,"_runtime":1.849759067,"_step":0,"loss":2.872659206390381,"_wandb":{"runtime":1},"lr":5.5e-05}