{"_timestamp":1.7427687458511736e+09,"_runtime":11543.270923301,"_wandb":{"runtime":11550},"_step":1062,"loss":1.9917243719100952,"lr":5.000035501300836e-06,"epoch_Time":0}