{"_runtime":3172.13942013,"_step":399,"_wandb":{"runtime":3180},"loss":1.7374091148376465,"lr":5.0006404699111036e-06,"epoch_Time":1,"_timestamp":1.7430378810995855e+09}